{
	"info": {
		"_postman_id": "79e23592-ee88-4dbe-98e5-10f23f099135",
		"name": "Laravel sanctum",
		"schema": "https://schema.getpostman.com/json/collection/v2.1.0/collection.json",
		"_exporter_id": "4564893"
	},
	"item": [
		{
			"name": "Products",
			"item": [
				{
					"name": "Add Product",
					"request": {
						"auth": {
							"type": "bearer",
							"bearer": [
								{
									"key": "token",
									"value": "{{token}}",
									"type": "string"
								}
							]
						},
						"method": "POST",
						"header": [
							{
								"key": "Accept",
								"value": "application/json",
								"type": "text"
							}
						],
						"body": {
							"mode": "formdata",
							"formdata": [
								{
									"key": "name",
									"value": "Product 1",
									"type": "text"
								},
								{
									"key": "slug",
									"value": "product-1",
									"type": "text"
								},
								{
									"key": "description",
									"value": "product 1 description",
									"type": "text"
								},
								{
									"key": "price",
									"value": "100",
									"type": "text"
								}
							]
						},
						"url": {
							"raw": "{{base_url}}/products",
							"host": [
								"{{base_url}}"
							],
							"path": [
								"products"
							]
						}
					},
					"response": []
				},
				{
					"name": "Edit Product",
					"request": {
						"method": "PUT",
						"header": [
							{
								"key": "Accept",
								"value": "application/json",
								"type": "text"
							}
						],
						"body": {
							"mode": "urlencoded",
							"urlencoded": [
								{
									"key": "name",
									"value": "Product 2",
									"type": "text"
								},
								{
									"key": "slug",
									"value": "product-1",
									"type": "text"
								},
								{
									"key": "description",
									"value": "product 1 description",
									"type": "text"
								},
								{
									"key": "price",
									"value": "100",
									"type": "text"
								}
							]
						},
						"url": {
							"raw": "{{base_url}}/products/1",
							"host": [
								"{{base_url}}"
							],
							"path": [
								"products",
								"1"
							]
						}
					},
					"response": []
				},
				{
					"name": "Get Product",
					"protocolProfileBehavior": {
						"disableBodyPruning": true
					},
					"request": {
						"method": "GET",
						"header": [
							{
								"key": "Accept",
								"value": "application/json",
								"type": "text"
							}
						],
						"body": {
							"mode": "formdata",
							"formdata": [
								{
									"key": "name",
									"value": "Product 1",
									"type": "text"
								},
								{
									"key": "slug",
									"value": "product-1",
									"type": "text"
								},
								{
									"key": "description",
									"value": "product 1 description",
									"type": "text"
								},
								{
									"key": "price",
									"value": "100",
									"type": "text"
								}
							]
						},
						"url": {
							"raw": "{{base_url}}/products/1",
							"host": [
								"{{base_url}}"
							],
							"path": [
								"products",
								"1"
							]
						}
					},
					"response": []
				},
				{
					"name": "Search Product",
					"protocolProfileBehavior": {
						"disableBodyPruning": true
					},
					"request": {
						"method": "GET",
						"header": [
							{
								"key": "Accept",
								"value": "application/json",
								"type": "text"
							}
						],
						"body": {
							"mode": "formdata",
							"formdata": [
								{
									"key": "name",
									"value": "Product 1",
									"type": "text"
								},
								{
									"key": "slug",
									"value": "product-1",
									"type": "text"
								},
								{
									"key": "description",
									"value": "product 1 description",
									"type": "text"
								},
								{
									"key": "price",
									"value": "100",
									"type": "text"
								}
							]
						},
						"url": {
							"raw": "{{base_url}}/products/search/product",
							"host": [
								"{{base_url}}"
							],
							"path": [
								"products",
								"search",
								"product"
							]
						}
					},
					"response": []
				},
				{
					"name": "Delete Product",
					"request": {
						"method": "DELETE",
						"header": [
							{
								"key": "Accept",
								"value": "application/json",
								"type": "text"
							}
						],
						"body": {
							"mode": "formdata",
							"formdata": [
								{
									"key": "name",
									"value": "Product 1",
									"type": "text"
								},
								{
									"key": "slug",
									"value": "product-1",
									"type": "text"
								},
								{
									"key": "description",
									"value": "product 1 description",
									"type": "text"
								},
								{
									"key": "price",
									"value": "100",
									"type": "text"
								}
							]
						},
						"url": {
							"raw": "{{base_url}}/products/1",
							"host": [
								"{{base_url}}"
							],
							"path": [
								"products",
								"1"
							]
						}
					},
					"response": []
				}
			]
		},
		{
			"name": "Login",
			"request": {
				"method": "POST",
				"header": [
					{
						"key": "Accept",
						"value": "application/json",
						"type": "text"
					}
				],
				"body": {
					"mode": "formdata",
					"formdata": [
						{
							"key": "email",
							"value": "liambb@yopmail.com",
							"type": "text"
						},
						{
							"key": "password",
							"value": "123456789",
							"type": "text"
						}
					]
				},
				"url": {
					"raw": "{{base_url}}/login",
					"host": [
						"{{base_url}}"
					],
					"path": [
						"login"
					]
				}
			},
			"response": []
		},
		{
			"name": "Register",
			"request": {
				"method": "POST",
				"header": [
					{
						"key": "Accept",
						"value": "application/json",
						"type": "text"
					}
				],
				"body": {
					"mode": "formdata",
					"formdata": [
						{
							"key": "name",
							"value": "Liam",
							"type": "text"
						},
						{
							"key": "email",
							"value": "liambb@yopmail.com",
							"type": "text"
						},
						{
							"key": "password",
							"value": "123456789",
							"type": "text"
						},
						{
							"key": "password_confirmation",
							"value": "123456789",
							"type": "text"
						}
					]
				},
				"url": {
					"raw": "{{base_url}}/register",
					"host": [
						"{{base_url}}"
					],
					"path": [
						"register"
					]
				}
			},
			"response": []
		},
		{
			"name": "Logout",
			"request": {
				"auth": {
					"type": "bearer",
					"bearer": [
						{
							"key": "token",
							"value": "{{token}}",
							"type": "string"
						}
					]
				},
				"method": "POST",
				"header": [
					{
						"key": "Accept",
						"value": "application/json",
						"type": "text"
					}
				],
				"body": {
					"mode": "formdata",
					"formdata": [
						{
							"key": "name",
							"value": "Product 1",
							"type": "text"
						},
						{
							"key": "slug",
							"value": "product-1",
							"type": "text"
						},
						{
							"key": "description",
							"value": "product 1 description",
							"type": "text"
						},
						{
							"key": "price",
							"value": "100",
							"type": "text"
						}
					]
				},
				"url": {
					"raw": "{{base_url}}/logout",
					"host": [
						"{{base_url}}"
					],
					"path": [
						"logout"
					]
				}
			},
			"response": []
		}
	],
	"event": [
		{
			"listen": "prerequest",
			"script": {
				"type": "text/javascript",
				"packages": {},
				"exec": [
					""
				]
			}
		},
		{
			"listen": "test",
			"script": {
				"type": "text/javascript",
				"packages": {},
				"exec": [
					""
				]
			}
		}
	],
	"variable": [
		{
			"key": "base_url",
			"value": "http://127.0.0.1:8000/api",
			"type": "string"
		},
		{
			"key": "base_url",
			"value": "https://nostrum.pavladev.gr/aegaeumnostrum/public/api/v1",
			"type": "string",
			"disabled": true
		},
		{
			"key": "token",
			"value": "1|QKj9XZcjqNU7E6gdcWHSQyGfAjpalUbQeqJcu0Recc13da2c",
			"type": "string"
		}
	]
}